{"max": 0.022200822830200195, "min": 0.018252134323120117, "avg": 0.02042098045349121, "test_case": "/Users/marti/Projects/dataset-bench/sample-random-jsonl", "iter_time": 90.90817594528198, "ram_usage": 72.90625, "data_size": 13.740750713273883, "iter_speed": 0.15114977910836644}
{"max": 0.022377967834472656, "min": 0.014159202575683594, "avg": 0.017562222480773926, "test_case": "/Users/marti/Projects/dataset-bench/sample-random-jsonl-mmap-orjson", "iter_time": 57.29348015785217, "ram_usage": 6566.53125, "data_size": 13.740750713273883, "iter_speed": 0.23983096637551155}
{"max": 0.05371904373168945, "min": 0.03427290916442871, "avg": 0.038329124450683594, "test_case": "/Users/marti/Projects/dataset-bench/sample-random-hugginface", "iter_time": 197.95965099334717, "ram_usage": 6476.71875, "data_size": 13.740750713273883, "iter_speed": 0.06941187582582507}
{"max": 0.017924785614013672, "min": 0.012265920639038086, "avg": 0.015463137626647949, "test_case": "/Users/marti/Projects/dataset-bench/sample-random-jsonl-orjson", "iter_time": 35.23742890357971, "ram_usage": 115.65625, "data_size": 13.740750713273883, "iter_speed": 0.38994759665561135}
